Job,Company,Location,Date Posted
DATA ANALYST,VRINDA INTERNATIONAL,Bengaluru East (Hybrid),"Posted on April 18, 2026, 12:00 AM"
"Analyst – Reporting, Data Services",Jobgether,India (Remote),"Posted on April 17, 2026, 7:58 PM"
"Analyst – Reporting, Data Services",m360 Research,Bengaluru (Remote),"Posted on April 16, 2026, 9:33 PM"
Data Analyst,Time Hack Consulting,Bengaluru (On-site),"Posted on April 15, 2026, 2:35 AM"
SEO Data Analyst,Jobgether,India (Remote),"Posted on April 16, 2026, 6:47 PM"
Social Media Analyst,r3 Consultant,Mumbai Metropolitan Region,"Posted on April 16, 2026, 12:43 PM"
Population Health Informaticist,Alignerr,India (Remote),"Posted on April 18, 2026, 11:24 AM"
Remote Data Analyst - 60736 ,Turing,Pune District (Remote),"Posted on April 17, 2026, 6:15 PM"
Online Data Analyst - Odia (IN) | Fully Remote ,TELUS Digital AI Data Solutions,Greater Bengaluru Area (Remote),"Posted on April 17, 2026, 8:27 AM"
Online Data Analyst - Odia (IN) | Fully Remote ,TELUS Digital AI Data Solutions,India (Remote),"Posted on April 17, 2026, 8:26 AM"
