Job,Company,Location,Date Posted,Type
DATA ANALYST,VRINDA INTERNATIONAL,Bengaluru East,April 17 2026,Hybrid
"Analyst – Reporting, Data Services",Jobgether,India,April 17 2026,Remote
"Analyst – Reporting, Data Services",m360 Research,Bengaluru,April 17 2026,Remote
Data Analyst,Time Hack Consulting,Bengaluru,April 17 2026,On-site
SEO Data Analyst,Jobgether,India,April 17 2026,Remote
Social Media Analyst,r3 Consultant,Mumbai Metropolitan Region,April 17 2026,
Population Health Informaticist,Alignerr,India,April 17 2026,Remote
Remote Data Analyst - 60736,Turing,Pune District,April 17 2026,Remote
Online Data Analyst - Odia (IN) | Fully Remote,TELUS Digital AI Data Solutions,Greater Bengaluru Area,April 17 2026,Remote
Online Data Analyst - Odia (IN) | Fully Remote,TELUS Digital AI Data Solutions,India,April 17 2026,Remote
